{
  "name": "SCRF Land Banner",
  "component": true,
  "license_url": null,
  "about_url": null,
  "authors": null,
  "theme_version": null,
  "minimum_discourse_version": null,
  "maximum_discourse_version": null,
  "assets": {
    "SCRF-Forum-Background-Banner": "assets/SCRF-Forum-Background-Banner.png",
    "SCRF-Forum-Start-Here": "assets/SCRF-Forum-Start-Here.jpg",
    "SCRF-Forum-Comment-of-the-Month": "assets/SCRF-Forum-Comment-of-the-Month.jpg",
    "SCRF-Forum-Research-Pulse": "assets/SCRF-Forum-Research-Pulse.jpg",
    "SCRF-Forum-Welcome-to-SCRF": "assets/SCRF-Forum-Welcome-to-SCRF.jpg",
    "scrf-banner-comment-of-month-thin": "assets/scrf-banner-comment-of-month-thin.png",
    "scrf-banner-start-here-thin": "assets/scrf-banner-start-here-thin.png",
    "scrf-banner-reseearch-pulse-thin": "assets/scrf-banner-reseearch-pulse-thin.png"
  },
  "color_schemes": {
  },
  "modifiers": {
  },
  "learn_more": "https://meta.discourse.org/t/beginners-guide-to-using-discourse-themes/91966"
}