{
  "name": "OP Flair",
  "component": true,
  "license_url": null,
  "about_url": null,
  "authors": null,
  "theme_version": null,
  "minimum_discourse_version": null,
  "maximum_discourse_version": null,
  "assets": {
    "op-icon-30x30": "assets/op-icon-30x30.png",
    "op-icon-25x25": "assets/op-icon-25x25.png",
    "op-icon-25x18": "assets/op-icon-25x18.png"
  },
  "color_schemes": {
  },
  "modifiers": {
  },
  "learn_more": "https://meta.discourse.org/t/beginners-guide-to-using-discourse-themes/91966"
}